{
  "test_accuracy": [
    0.8648648648648649,
    0.8762762762762762,
    0.8444444444444444,
    0.8672672672672672,
    0.8690690690690691,
    0.8762762762762762,
    0.8774774774774775,
    0.8750750750750751,
    0.8726726726726727,
    0.8756756756756757
  ],
  "test_f1": [
    0.8189863234111022,
    0.838810641627543,
    0.8267558528428094,
    0.8192968111201963,
    0.8399412628487518,
    0.8415384615384616,
    0.8365384615384616,
    0.8341307814992025,
    0.8393939393939394,
    0.8404009252120278
  ],
  "test_loss": [
    0.324637096261119,
    0.3155830311793107,
    0.3539558958441198,
    0.37922716178335586,
    0.35517725224128444,
    0.3981272853480221,
    0.4263125457939015,
    0.4456553726515791,
    0.44692967007308637,
    0.6110287242991428
  ],
  "test_precision": [
    0.8775862068965518,
    0.8715447154471545,
    0.7427884615384616,
    0.8946428571428572,
    0.8183118741058655,
    0.858712715855573,
    0.8923076923076924,
    0.8849407783417935,
    0.8432267884322678,
    0.8596214511041009
  ],
  "test_recall": [
    0.7677224736048266,
    0.808446455505279,
    0.9321266968325792,
    0.755656108597285,
    0.8627450980392157,
    0.8250377073906485,
    0.7873303167420814,
    0.7888386123680241,
    0.8355957767722474,
    0.8220211161387632
  ],
  "train_loss": [
    0.4775973593887801,
    0.2705574582080142,
    0.20523281888857198,
    0.1672026376830987,
    0.11939760578668658,
    0.11155789866965139,
    0.08846317980742942,
    0.08590599663260107,
    0.036992469548539915,
    0.019643660468318558
  ]
}