{
  "test_accuracy": [
    0.8594594594594595,
    0.8726726726726727,
    0.8732732732732733,
    0.8732732732732733,
    0.8708708708708709,
    0.8486486486486486,
    0.8774774774774775,
    0.8798798798798799
  ],
  "test_f1": [
    0.8075657894736842,
    0.8304,
    0.833201581027668,
    0.8347689898198903,
    0.8480565371024735,
    0.7846153846153846,
    0.8555240793201133,
    0.8482549317147192
  ],
  "test_loss": [
    0.3156294252779391,
    0.3052729646364848,
    0.3193797157691406,
    0.3350003851851722,
    0.4266668450512417,
    0.5856968781969569,
    0.5328280130564864,
    0.4019064834559554
  ],
  "test_precision": [
    0.8878842676311031,
    0.8841567291311755,
    0.8754152823920266,
    0.8680781758957655,
    0.7978723404255319,
    0.9053254437869822,
    0.8064085447263017,
    0.8534351145038168
  ],
  "test_recall": [
    0.7405731523378583,
    0.7828054298642534,
    0.7948717948717948,
    0.803921568627451,
    0.9049773755656109,
    0.6923076923076923,
    0.9110105580693816,
    0.8431372549019608
  ],
  "train_loss": [
    0.4624976156852566,
    0.2622562652597061,
    0.20227430181918093,
    0.1595629207037676,
    0.11953170158309288,
    0.09813708169027589,
    0.08944342759227417,
    0.08334024031668938
  ]
}