{"train_loss": [0.44576824391137915, 0.2931547773217304, 0.23613642409293573, 0.20343221107872075, 0.16632285306072678, 0.13717991575494676, 0.12173836752107617, 0.11398899874558183, 0.10844995308601672, 0.05648051731865, 0.03294950966160424, 0.02793422525330816, 0.023351465812663903, 0.026841995009810708, 0.023136162350571185], "test_loss": [0.37773103486802884, 0.4529875673125446, 0.3387527892112547, 0.3619360342049793, 0.39161702026780976, 0.46758454469526955, 0.7396543965223179, 0.4854994387925249, 0.4580533515232947, 0.490616433851106, 0.574100756169105, 0.5728931620445488, 0.6343196557214344, 0.6143949363249224, 0.6149501974798072], "test_accuracy": [0.8518805738658395, 0.7751066304769291, 0.8592477704536642, 0.8553702985653354, 0.856533540131834, 0.8511050794881737, 0.8266770065917022, 0.8545948041876696, 0.8596355176424971, 0.8604110120201629, 0.8607987592089957, 0.86002326483133, 0.8592477704536642, 0.8596355176424971, 0.8596355176424971], "test_precision": [0.8726790450928382, 0.941747572815534, 0.7896311066799602, 0.8168701442841287, 0.8246606334841629, 0.7651515151515151, 0.9247863247863248, 0.8075675675675675, 0.8399532710280374, 0.8230088495575221, 0.8224917309812569, 0.8331428571428572, 0.8446026097271648, 0.829185520361991, 0.8219026548672567], "test_recall": [0.6970338983050848, 0.4110169491525424, 0.8389830508474576, 0.7796610169491526, 0.7722457627118644, 0.8559322033898306, 0.573093220338983, 0.7913135593220338, 0.7616525423728814, 0.788135593220339, 0.7902542372881356, 0.7722457627118644, 0.7542372881355932, 0.7764830508474576, 0.7870762711864406], "test_f1": [0.7750294464075382, 0.5722713864306784, 0.8135593220338984, 0.7978319783197833, 0.7975929978118161, 0.808, 0.7076520601700458, 0.7993579454253612, 0.7988888888888889, 0.8051948051948052, 0.8060507833603457, 0.8015393073117097, 0.7968662562954673, 0.8019693654266958, 0.8041125541125541]}