{
  "test_accuracy": [
    0.7495495495495496,
    0.8696696696696696,
    0.8666666666666667,
    0.8426426426426427,
    0.8726726726726727,
    0.8726726726726727,
    0.8858858858858859
  ],
  "test_f1": [
    0.750149790293589,
    0.8279143536875495,
    0.8310502283105022,
    0.7537593984962406,
    0.8354037267080745,
    0.8341158059467919,
    0.8527131782945736
  ],
  "test_loss": [
    0.4771411886623314,
    0.30295431578123533,
    0.3643590573433999,
    0.3842123741860146,
    0.3930885861943792,
    0.37727730009290905,
    0.3507177884156282
  ],
  "test_precision": [
    0.6071774975751697,
    0.8378812199036918,
    0.8076923076923077,
    0.9413145539906104,
    0.8276923076923077,
    0.8328125,
    0.843558282208589
  ],
  "test_recall": [
    0.9811912225705329,
    0.8181818181818182,
    0.8557993730407524,
    0.6285266457680251,
    0.8432601880877743,
    0.835423197492163,
    0.8620689655172413
  ],
  "train_loss": [
    0.44936523833670294,
    0.2525749778948151,
    0.18842397339176387,
    0.15439739667523938,
    0.1000582846206201,
    0.09582251123860121,
    0.09126487756013656
  ]
}